{
    "rewrites": [
        {
            "source": "/(.*)",
            "destination": "/index.html"
        }
    ],
    "buildCommand": "npm run build",
    "outputDirectory": "dist",
    "framework": "vite",
    "headers": [
        {
            "source": "/(.*).(js|css|jpg|jpeg|png|gif|ico|svg)",
            "headers": [
                {
                    "key": "Cache-Control",
                    "value": "public, max-age=31536000, immutable"
                }
            ]
        }
    ]
}